"Status","Start Time","Stop Time","Duration in ms","Parent Suite","Suite","Sub Suite","Test Class","Test Method","Name","Description"
"skipped","Tue Oct 06 16:12:18 UTC 2026","Tue Oct 06 16:12:18 UTC 2026","87","WebCatalogTest","Chrome","testcases.AccountSettingsTest","testcases.AccountSettingsTest","AS01_testUpdateAccountName","AS01_testUpdateAccountName",""
"skipped","Tue Oct 06 16:09:12 UTC 2026","Tue Oct 06 16:09:12 UTC 2026","1","WebCatalogTest","Edge","testcases.SubmitNewAppTest","testcases.SubmitNewAppTest","SA01_testSubmitNewApp","SA01_testSubmitNewApp",""
"broken","Tue Oct 06 16:13:20 UTC 2026","Tue Oct 06 16:13:20 UTC 2026","0","WebCatalogTest","Chrome","testcases.SubmitNewAppTest","testcases.SubmitNewAppTest","setUpPrecondition","setUpPrecondition",""
"skipped","Tue Oct 06 16:11:20 UTC 2026","Tue Oct 06 16:11:20 UTC 2026","71","WebCatalogTest","FireFox","testcases.SignUpTest","testcases.SignUpTest","SU01_testSignUpWithValidEmail","SU01_testSignUpWithValidEmail",""
"skipped","Tue Oct 06 16:09:12 UTC 2026","Tue Oct 06 16:09:12 UTC 2026","1","WebCatalogTest","Edge","testcases.SubmitNewAppTest","testcases.SubmitNewAppTest","SA05_testSubmitAppWithoutData","SA05_testSubmitAppWithoutData",""
"skipped","Tue Oct 06 16:11:17 UTC 2026","Tue Oct 06 16:11:17 UTC 2026","96","WebCatalogTest","Chrome","testcases.SignUpTest","testcases.SignUpTest","SU02_testSignUpWithRegisteredEmail","SU02_testSignUpWithRegisteredEmail",""
"skipped","Tue Oct 06 16:09:11 UTC 2026","Tue Oct 06 16:09:11 UTC 2026","1","WebCatalogTest","Edge","testcases.AccountSettingsTest","testcases.AccountSettingsTest","AS04_testUpdateAccountEmailWithoutChangingEmail","AS04_testUpdateAccountEmailWithoutChangingEmail",""
"skipped","Tue Oct 06 16:10:17 UTC 2026","Tue Oct 06 16:10:17 UTC 2026","66","WebCatalogTest","FireFox","testcases.SignInTest","testcases.SignInTest","SI02_submitEmptyEmail","SI02_submitEmptyEmail",""
"skipped","Tue Oct 06 16:10:14 UTC 2026","Tue Oct 06 16:10:15 UTC 2026","89","WebCatalogTest","Chrome","testcases.SignInTest","testcases.SignInTest","SI01_testSignInWithValidEmail","SI01_testSignInWithValidEmail",""
"skipped","Tue Oct 06 16:12:24 UTC 2026","Tue Oct 06 16:12:24 UTC 2026","63","WebCatalogTest","FireFox","testcases.AccountSettingsTest","testcases.AccountSettingsTest","AS05_testDeleteAccount","AS05_testDeleteAccount",""
"skipped","Tue Oct 06 16:13:28 UTC 2026","Tue Oct 06 16:13:28 UTC 2026","70","WebCatalogTest","FireFox","testcases.SubmitNewAppTest","testcases.SubmitNewAppTest","SA04_testSubmitAppWithInValidUrl","SA04_testSubmitAppWithInValidUrl",""
"skipped","Tue Oct 06 16:12:18 UTC 2026","Tue Oct 06 16:12:19 UTC 2026","98","WebCatalogTest","Chrome","testcases.AccountSettingsTest","testcases.AccountSettingsTest","AS05_testDeleteAccount","AS05_testDeleteAccount",""
"broken","Tue Oct 06 16:12:18 UTC 2026","Tue Oct 06 16:12:18 UTC 2026","1","WebCatalogTest","Chrome","testcases.AccountSettingsTest","testcases.AccountSettingsTest","preCondition","preCondition",""
"skipped","Tue Oct 06 16:12:24 UTC 2026","Tue Oct 06 16:12:24 UTC 2026","63","WebCatalogTest","FireFox","testcases.AccountSettingsTest","testcases.AccountSettingsTest","AS04_testUpdateAccountEmailWithoutChangingEmail","AS04_testUpdateAccountEmailWithoutChangingEmail",""
"skipped","Tue Oct 06 16:13:20 UTC 2026","Tue Oct 06 16:13:20 UTC 2026","95","WebCatalogTest","Chrome","testcases.SubmitNewAppTest","testcases.SubmitNewAppTest","SA02_testSubmitMultipleApp","SA02_testSubmitMultipleApp",""
"skipped","Tue Oct 06 16:09:12 UTC 2026","Tue Oct 06 16:09:12 UTC 2026","1","WebCatalogTest","Edge","testcases.SubmitNewAppTest","testcases.SubmitNewAppTest","SA02_testSubmitMultipleApp","SA02_testSubmitMultipleApp",""
"skipped","Tue Oct 06 16:09:11 UTC 2026","Tue Oct 06 16:09:11 UTC 2026","1","WebCatalogTest","Edge","testcases.SignInTest","testcases.SignInTest","SI03_testSignInWithInvalidFormatEmail","SI03_testSignInWithInvalidFormatEmail",""
"skipped","Tue Oct 06 16:09:11 UTC 2026","Tue Oct 06 16:09:11 UTC 2026","1","WebCatalogTest","Edge","testcases.AccountSettingsTest","testcases.AccountSettingsTest","AS05_testDeleteAccount","AS05_testDeleteAccount",""
"broken","Tue Oct 06 16:09:12 UTC 2026","Tue Oct 06 16:09:12 UTC 2026","0","WebCatalogTest","Edge","testcases.SubmitNewAppTest","testcases.SubmitNewAppTest","beforeClass","beforeClass",""
"skipped","Tue Oct 06 16:09:11 UTC 2026","Tue Oct 06 16:09:11 UTC 2026","1","WebCatalogTest","Edge","testcases.AccountSettingsTest","testcases.AccountSettingsTest","AS02_testUpdateAccountCountry","AS02_testUpdateAccountCountry",""
"skipped","Tue Oct 06 16:13:28 UTC 2026","Tue Oct 06 16:13:28 UTC 2026","69","WebCatalogTest","FireFox","testcases.SubmitNewAppTest","testcases.SubmitNewAppTest","SA01_testSubmitNewApp","SA01_testSubmitNewApp",""
"skipped","Tue Oct 06 16:09:12 UTC 2026","Tue Oct 06 16:09:12 UTC 2026","1","WebCatalogTest","Edge","testcases.SubmitNewAppTest","testcases.SubmitNewAppTest","SA03_testCheckEmptyHistory","SA03_testCheckEmptyHistory",""
"skipped","Tue Oct 06 16:13:28 UTC 2026","Tue Oct 06 16:13:28 UTC 2026","66","WebCatalogTest","FireFox","testcases.SubmitNewAppTest","testcases.SubmitNewAppTest","SA02_testSubmitMultipleApp","SA02_testSubmitMultipleApp",""
"skipped","Tue Oct 06 16:13:28 UTC 2026","Tue Oct 06 16:13:28 UTC 2026","65","WebCatalogTest","FireFox","testcases.SubmitNewAppTest","testcases.SubmitNewAppTest","SA05_testSubmitAppWithoutData","SA05_testSubmitAppWithoutData",""
"skipped","Tue Oct 06 16:09:11 UTC 2026","Tue Oct 06 16:09:11 UTC 2026","1","WebCatalogTest","Edge","testcases.SignUpTest","testcases.SignUpTest","SU02_testSignUpWithRegisteredEmail","SU02_testSignUpWithRegisteredEmail",""
"skipped","Tue Oct 06 16:09:11 UTC 2026","Tue Oct 06 16:09:11 UTC 2026","1","WebCatalogTest","Edge","testcases.AccountSettingsTest","testcases.AccountSettingsTest","AS01_testUpdateAccountName","AS01_testUpdateAccountName",""
"skipped","Tue Oct 06 16:13:20 UTC 2026","Tue Oct 06 16:13:20 UTC 2026","99","WebCatalogTest","Chrome","testcases.SubmitNewAppTest","testcases.SubmitNewAppTest","SA01_testSubmitNewApp","SA01_testSubmitNewApp",""
"broken","Tue Oct 06 16:09:12 UTC 2026","Tue Oct 06 16:09:12 UTC 2026","0","WebCatalogTest","Edge","testcases.E2ETest","testcases.E2ETest","beforeClass","beforeClass",""
"skipped","Tue Oct 06 16:12:18 UTC 2026","Tue Oct 06 16:12:18 UTC 2026","97","WebCatalogTest","Chrome","testcases.AccountSettingsTest","testcases.AccountSettingsTest","AS04_testUpdateAccountEmailWithoutChangingEmail","AS04_testUpdateAccountEmailWithoutChangingEmail",""
"skipped","Tue Oct 06 16:13:20 UTC 2026","Tue Oct 06 16:13:20 UTC 2026","96","WebCatalogTest","Chrome","testcases.SubmitNewAppTest","testcases.SubmitNewAppTest","SA03_testCheckEmptyHistory","SA03_testCheckEmptyHistory",""
"skipped","Tue Oct 06 16:09:12 UTC 2026","Tue Oct 06 16:09:12 UTC 2026","1","WebCatalogTest","Edge","testcases.SubmitNewAppTest","testcases.SubmitNewAppTest","SA04_testSubmitAppWithInValidUrl","SA04_testSubmitAppWithInValidUrl",""
"skipped","Tue Oct 06 16:13:28 UTC 2026","Tue Oct 06 16:13:28 UTC 2026","66","WebCatalogTest","FireFox","testcases.SubmitNewAppTest","testcases.SubmitNewAppTest","SA03_testCheckEmptyHistory","SA03_testCheckEmptyHistory",""
"skipped","Tue Oct 06 16:09:12 UTC 2026","Tue Oct 06 16:09:12 UTC 2026","1","WebCatalogTest","Edge","testcases.E2ETest","testcases.E2ETest","E2E_Test","E2E_Test",""
"broken","Tue Oct 06 16:10:17 UTC 2026","Tue Oct 06 16:10:17 UTC 2026","0","WebCatalogTest","FireFox","testcases.SignInTest","testcases.SignInTest","navigateToEmailEntry","navigateToEmailEntry",""
"broken","Tue Oct 06 16:10:14 UTC 2026","Tue Oct 06 16:10:14 UTC 2026","0","WebCatalogTest","Chrome","testcases.SignInTest","testcases.SignInTest","navigateToEmailEntry","navigateToEmailEntry",""
"broken","Tue Oct 06 16:11:17 UTC 2026","Tue Oct 06 16:11:17 UTC 2026","0","WebCatalogTest","Chrome","testcases.SignUpTest","testcases.SignUpTest","setUpPages","setUpPages",""
"skipped","Tue Oct 06 16:12:24 UTC 2026","Tue Oct 06 16:12:24 UTC 2026","63","WebCatalogTest","FireFox","testcases.AccountSettingsTest","testcases.AccountSettingsTest","AS02_testUpdateAccountCountry","AS02_testUpdateAccountCountry",""
"skipped","Tue Oct 06 16:10:15 UTC 2026","Tue Oct 06 16:10:15 UTC 2026","95","WebCatalogTest","Chrome","testcases.SignInTest","testcases.SignInTest","SI02_submitEmptyEmail","SI02_submitEmptyEmail",""
"skipped","Tue Oct 06 16:10:15 UTC 2026","Tue Oct 06 16:10:15 UTC 2026","118","WebCatalogTest","Chrome","testcases.SignInTest","testcases.SignInTest","SI03_testSignInWithInvalidFormatEmail","SI03_testSignInWithInvalidFormatEmail",""
"skipped","Tue Oct 06 16:09:10 UTC 2026","Tue Oct 06 16:09:10 UTC 2026","10","WebCatalogTest","Edge","testcases.SignInTest","testcases.SignInTest","SI01_testSignInWithValidEmail","SI01_testSignInWithValidEmail",""
"skipped","Tue Oct 06 16:10:17 UTC 2026","Tue Oct 06 16:10:17 UTC 2026","76","WebCatalogTest","FireFox","testcases.SignInTest","testcases.SignInTest","SI03_testSignInWithInvalidFormatEmail","SI03_testSignInWithInvalidFormatEmail",""
"skipped","Tue Oct 06 16:13:20 UTC 2026","Tue Oct 06 16:13:20 UTC 2026","97","WebCatalogTest","Chrome","testcases.SubmitNewAppTest","testcases.SubmitNewAppTest","SA04_testSubmitAppWithInValidUrl","SA04_testSubmitAppWithInValidUrl",""
"broken","Tue Oct 06 16:09:11 UTC 2026","Tue Oct 06 16:09:11 UTC 2026","0","WebCatalogTest","Edge","testcases.AccountSettingsTest","testcases.AccountSettingsTest","beforeClass","beforeClass",""
"skipped","Tue Oct 06 16:12:24 UTC 2026","Tue Oct 06 16:12:24 UTC 2026","77","WebCatalogTest","FireFox","testcases.AccountSettingsTest","testcases.AccountSettingsTest","AS01_testUpdateAccountName","AS01_testUpdateAccountName",""
"skipped","Tue Oct 06 16:12:18 UTC 2026","Tue Oct 06 16:12:18 UTC 2026","94","WebCatalogTest","Chrome","testcases.AccountSettingsTest","testcases.AccountSettingsTest","AS02_testUpdateAccountCountry","AS02_testUpdateAccountCountry",""
"skipped","Tue Oct 06 16:10:17 UTC 2026","Tue Oct 06 16:10:17 UTC 2026","74","WebCatalogTest","FireFox","testcases.SignInTest","testcases.SignInTest","SI01_testSignInWithValidEmail","SI01_testSignInWithValidEmail",""
"skipped","Tue Oct 06 16:11:20 UTC 2026","Tue Oct 06 16:11:20 UTC 2026","65","WebCatalogTest","FireFox","testcases.SignUpTest","testcases.SignUpTest","SU02_testSignUpWithRegisteredEmail","SU02_testSignUpWithRegisteredEmail",""
"skipped","Tue Oct 06 16:12:24 UTC 2026","Tue Oct 06 16:12:24 UTC 2026","65","WebCatalogTest","FireFox","testcases.AccountSettingsTest","testcases.AccountSettingsTest","AS03_testUpdateAccountEmail","AS03_testUpdateAccountEmail",""
"broken","Tue Oct 06 16:09:11 UTC 2026","Tue Oct 06 16:09:11 UTC 2026","0","WebCatalogTest","Edge","testcases.SignUpTest","testcases.SignUpTest","beforeClass","beforeClass",""
"broken","Tue Oct 06 16:13:22 UTC 2026","Tue Oct 06 16:14:22 UTC 2026","60323","WebCatalogTest","Chrome","testcases.E2ETest","testcases.E2ETest","E2E_Test","E2E_Test",""
"broken","Tue Oct 06 16:11:20 UTC 2026","Tue Oct 06 16:11:20 UTC 2026","0","WebCatalogTest","FireFox","testcases.SignUpTest","testcases.SignUpTest","setUpPages","setUpPages",""
"broken","Tue Oct 06 16:13:28 UTC 2026","Tue Oct 06 16:13:28 UTC 2026","1","WebCatalogTest","FireFox","testcases.SubmitNewAppTest","testcases.SubmitNewAppTest","setUpPrecondition","setUpPrecondition",""
"skipped","Tue Oct 06 16:12:18 UTC 2026","Tue Oct 06 16:12:18 UTC 2026","96","WebCatalogTest","Chrome","testcases.AccountSettingsTest","testcases.AccountSettingsTest","AS03_testUpdateAccountEmail","AS03_testUpdateAccountEmail",""
"broken","Tue Oct 06 16:09:10 UTC 2026","Tue Oct 06 16:09:10 UTC 2026","1","WebCatalogTest","Edge","testcases.SignInTest","testcases.SignInTest","beforeClass","beforeClass",""
"broken","Tue Oct 06 16:13:31 UTC 2026","Tue Oct 06 16:14:31 UTC 2026","60367","WebCatalogTest","FireFox","testcases.E2ETest","testcases.E2ETest","E2E_Test","E2E_Test",""
"skipped","Tue Oct 06 16:13:20 UTC 2026","Tue Oct 06 16:13:21 UTC 2026","98","WebCatalogTest","Chrome","testcases.SubmitNewAppTest","testcases.SubmitNewAppTest","SA05_testSubmitAppWithoutData","SA05_testSubmitAppWithoutData",""
"skipped","Tue Oct 06 16:09:10 UTC 2026","Tue Oct 06 16:09:10 UTC 2026","1","WebCatalogTest","Edge","testcases.SignInTest","testcases.SignInTest","SI02_submitEmptyEmail","SI02_submitEmptyEmail",""
"skipped","Tue Oct 06 16:11:17 UTC 2026","Tue Oct 06 16:11:17 UTC 2026","97","WebCatalogTest","Chrome","testcases.SignUpTest","testcases.SignUpTest","SU01_testSignUpWithValidEmail","SU01_testSignUpWithValidEmail",""
"skipped","Tue Oct 06 16:09:11 UTC 2026","Tue Oct 06 16:09:11 UTC 2026","1","WebCatalogTest","Edge","testcases.AccountSettingsTest","testcases.AccountSettingsTest","AS03_testUpdateAccountEmail","AS03_testUpdateAccountEmail",""
"skipped","Tue Oct 06 16:09:11 UTC 2026","Tue Oct 06 16:09:11 UTC 2026","1","WebCatalogTest","Edge","testcases.SignUpTest","testcases.SignUpTest","SU01_testSignUpWithValidEmail","SU01_testSignUpWithValidEmail",""
"broken","Tue Oct 06 16:12:24 UTC 2026","Tue Oct 06 16:12:24 UTC 2026","1","WebCatalogTest","FireFox","testcases.AccountSettingsTest","testcases.AccountSettingsTest","preCondition","preCondition",""
